{
	"data":
	[{
		"name"			:"Bánh táo",
		"price" 		:"20.000đ",
		"Description"	:"Bánh táo rất ngon đấy nhé, Mùi vị của táo hoà quyện trong bánh :<, vị ngọt từ đường sẽ khiến chúng ta ăn một miếng thôi cũng đủ cảm thấy cuộc sống thật hạnh phúc :<",
		"advice"		:"Bánh táo rất ngon, những đừng ăn nhiều quá nhé!, vì thân hình của bạn sẽ mập lên đấy!, khuyên chân thành đấy nhé!",
		"img_url"		:"",
		"address"		:""
	},
	{
		"name"			:"Bánh cốm",
		"price"			:"10.000đ",
		"Description"	:"Bánh cốm được những người thích ăn ngọt thích lắm đấy, một món ăn mà không ai chưa thử phải không?",
		"advice"		:"Dù bánh cốm rất ngon, những đừng ăn nhiều quá nhé!",
		"img_url"		:"",
		"address"		:""
	}],
	
	
	"breakfast":[{
		"name"			:"Xôi",
		"price" 		:"10.000đ",
		"Description"	:"Xôi, nó là nét đẹp trong văn hóa ẩm thực người Việt Nam đó",
		"advice"		:"",
		"img_url"		:"",
		"address"		:""
	},
	{
		"name"			:"Bánh cuốn (bánh ướt)",
		"price" 		:"15.000đ",
		"Description"	:"Bánh cuốn được rất nhiều người ưa thích, nhất là trong những tiết trời mùa đông se se lạnh. Vừa được ngồi bên cạnh bếp than hồng, ăn những chiếc bánh cuốn nóng hổi, chả thịt nướng thơm lừng và vị nước chấm chua chua, ngọt ngọt khiến người ăn cảm thấy thật dễ chịu, thư thái.",
		"advice"		:"",
		"img_url"		:"",
		"address"		:""
	},
	{
		"name"			:"Xôi",
		"price" 		:"20.000đ",
		"Description"	:"Bánh táo rất ngon đấy nhé, Mùi vị của táo hoà quyện trong bánh :<, vị ngọt từ đường sẽ khiến chúng ta ăn một miếng thôi cũng đủ cảm thấy cuộc sống thật hạnh phúc :<",
		"advice"		:"Bánh táo rất ngon, những đừng ăn nhiều quá nhé!, vì thân hình của bạn sẽ mập lên đấy!, khuyên chân thành đấy nhé!",
		"img_url"		:"",
		"address"		:""
	}],
	
	"night":[{
		"name"			:"Thịt kho tàu",
		"price" 		:"20.000đ",
		"Description"	:"",
		"advice"		:"",
		"img_url"		:"",
		"address"		:""
	},
	{
		"name"			:"Nem rán",
		"price" 		:"15.000đ",
		"Description"	:"",
		"advice"		:"",
		"img_url"		:"",
		"address"		:""
	}
	],
	
	"lunch":[{
		"name"			:"Cơm tấm Sài Gò",
		"price" 		:"15.000đ",
		"Description"	:"Cơm tấm có nguồn gốc từ Sài Gòn và nay đã xuất hiện nhiều tại Hà Nội. Cơm tấm được nấu từ các hạt gạo vụn, bị bể rớt xuống khi sàng gạo. Sau đó ăn kèm với cơm là sườn, trứng, bì, chả…",
		"advice"		:"",
		"img_url"		:"",
		"address"		:""
	},
	{
		"name"			:"Bún chả Hà Nội
		"price" 		:"15.000đ",
		"Description"	:"Bún chả được tạo ra bởi nước chấm, bún và chả nướng. Nước chấm được tạo từ tỏi, ớt, dấm, mắm, đường với đầy đủ chua, cay, mặn, ngọt. Trong mắm có thêm nộm đu đủ, cà rốt hoặc giá đỗ tùy nơi. Chả nướng có cả miếng và viên, được làm từ thịt ba chỉ ăn cùng với bún rối.		"advice"		:"",
		"img_url"		:"",
		"address"		:""
	}],
	"new_year":[{
		"name"			:"Mì sợi dài",
		"price" 		:"25.000đ",
		"Description"	:"Mì sợi dài, không bị vỡ hoặc bị đứt trong quá trình nấu, được xem là món ăn may mắn cần phải thưởng thức vào dịp đầu năm đối với người dân ở Trung Quốc, Nhật Bản và một số quốc gia châu Á khác.",
		"advice"		:"",
		"img_url"		:"",
		"address"		:""
	},
	{
		"name"			:"Cá trích ngâm giấm",
		"price" 		:"65.000đ",
		"Description"	:"Đây là món ăn lấy may mắn vào đêm giao thừa – khoảnh khắc chuyển sang một năm mới ở Ba Lan, Đức và vùng Scandinavia. Người ta tin rằng màu bạc của cá trích, lấp lánh giống như những đồng xu, ăn vào sẽ gặp được nhiều may mắn trong tương lai.",
		"advice"		:"",
		"img_url"		:"",
		"address"		:""
	},
	{
		"name"			:"Rau xanh nhiều lá",
		"price" 		:"20.000đ",
		"Description"	:"Vào đầu năm mới, người dân ở khu vực miền biển Nam Mỹ tới Châu Âu, họ thường dùng các loại rau xanh có nhiều lá – như cải xoăn. Bởi họ cho rằng màu xanh của lá và hình dáng của những loại rau này giống như những tờ tiền giấy vậy!",
		"advice"		:"",
		"img_url"		:"",
		"address"		:""
	},
	{
		"name"			:"Bánh mì hạt bắp",
		"price" 		:"15.000đ",
		"Description"	:"Bánh mì có chứa hạt bắp, có màu vàng trông giống như kim loại vàng tự nhiên, nên được xem là món ăn đặc biệt mà người dân ở miền Nam nước Mỹ xem trọng trong những này đầu năm.",
		"advice"		:"",
		"img_url"		:"",
		"address"		:""
	}
	],
	"with_sugar":[{
		"name"			:"Bánh táo",
		"price" 		:"20.000đ",
		"Description"	:"Bánh táo rất ngon đấy nhé, Mùi vị của táo hoà quyện trong bánh :<, vị ngọt từ đường sẽ khiến chúng ta ăn một miếng thôi cũng đủ cảm thấy cuộc sống thật hạnh phúc :<",
		"advice"		:"Bánh táo rất ngon, những đừng ăn nhiều quá nhé!, vì thân hình của bạn sẽ mập lên đấy!, khuyên chân thành đấy nhé!",
		"img_url"		:"",
		"address"		:""
	},
	{
		"name"			:"Bánh cốm",
		"price"			:"10.000đ",
		"Description"	:"Bánh cốm được những người thích ăn ngọt thích lắm đấy, một món ăn mà không ai chưa thử phải không?",
		"advice"		:"Dù bánh cốm rất ngon, những đừng ăn nhiều quá nhé!",
		"img_url"		:"",
		"address"		:""
	}],
	"health_and_balance":[
	{
		"name"			:"Cải ngọt xào thịt bò",
		"price" 		:"45.000đ",
		"Description"	:"Thịt bò thái miếng mỏng, ướt gia vị, dầu, muối, nước mắm, tiêu, tỏi. Khi thịt đã ngấm gia vị cho thịt lên bếp xào đều, chín tái thì để tạm ra đĩa. Cải rửa sạch, cắt khúc, xào chín. Mì ngâm qua nước cho mềm, cho mì vào chảo xào, nêm gia vị vừa ăn. Mì săn lại thì cho rau, thịt bò vào xào, đảo đều khoảng 5 phút rồi cho ra đĩa và thưởng thức.",
		"advice"		:"",
		"img_url"		:"",
		"address"		:""
	},
	{
		"name"			:"Sữa chua chuối",
		"price" 		:"25.000đ",
		"Description"	:"Chuối bóc vỏ, thái lát mỏng, trộn đều với nước cốt chanh cho khỏi đen. Khui nắp hộp sữa chua cho vào ly, trộn đều với sữa đặc, cho chuối vào đảo đều hoặc xay nhuyễn bằng máy xay sinh tố",
		"advice"		:"",
		"img_url"		:"",
		"address"		:""
	}],
	"lose_weight":[],
	"cold":[],
	"summer":[],
	"eat":[],
	"vegetarian":[]
}